"Epic","Feature","Story","FAILED","BROKEN","PASSED","SKIPPED","UNKNOWN"
"TaskFlow Pro Application","Add Task Form","Search & Filter","0","0","0","2","0"
"TaskFlow Pro Application","Add Task Form","Add Task","0","0","0","1","0"
"TaskFlow Pro Application","Add Task Form","Add Task – Validation","0","0","0","1","0"
"TaskFlow Pro Application","Add Task Form","","0","1","0","0","0"
"TaskFlow Pro Application","Add Task Form","Add Task – Form Controls","0","0","0","1","0"
"TaskFlow Pro Application","Page Header & Statistics","","0","1","0","0","0"
"TaskFlow Pro Application","Page Header & Statistics","Header","0","0","0","3","0"
"TaskFlow Pro Application","Activity Feed","Activity Feed","0","0","0","1","0"
"","","","0","0","1","0","0"
"TaskFlow Pro Application","Page Header & Statistics","Navigation","0","0","0","1","0"
"TaskFlow Pro Application","Activity Feed","","0","1","0","0","0"
"TaskFlow Pro Application","Add Task Form","Task Board Interactions","0","0","0","1","0"
"TaskFlow Pro Application","Page Header & Statistics","Statistics","0","0","0","1","0"
